{"cameraMode":{"drawMode":0,"name":"Shaded","section":"Shading Mode"},"sceneLighting":true,"audioPlay":false,"sceneViewState":{"m_AlwaysRefresh":false,"showFog":true,"showSkybox":true,"showFlares":true,"showImageEffects":true,"showParticleSystems":true,"showVisualEffectGraphs":true,"m_FxEnabled":true},"in2DMode":false,"pivot":{"x":-0.0043370723724365238,"y":0.9331423044204712,"z":0.9809432625770569},"rotation":{"x":-0.2079673409461975,"y":0.4532304108142853,"z":-0.10962370038032532,"w":-0.8598466515541077},"size":8.594734191894532,"orthographic":false}