{"cameraMode":{"drawMode":0,"name":"Shaded","section":"Shading Mode"},"sceneLighting":true,"audioPlay":false,"sceneViewState":{"m_AlwaysRefresh":false,"showFog":true,"showSkybox":true,"showFlares":true,"showImageEffects":true,"showParticleSystems":true,"showVisualEffectGraphs":true,"m_FxEnabled":true},"in2DMode":false,"pivot":{"x":-3.1467783451080324,"y":1.4955089092254639,"z":-5.755630016326904},"rotation":{"x":-0.05305783823132515,"y":-0.8852832317352295,"z":0.10432638227939606,"w":-0.45012781023979189},"size":0.378904789686203,"orthographic":false}