{"cameraMode":{"drawMode":0,"name":"Shaded","section":"Shading Mode"},"sceneLighting":true,"audioPlay":false,"sceneViewState":{"m_AlwaysRefresh":false,"showFog":true,"showSkybox":true,"showFlares":true,"showImageEffects":true,"showParticleSystems":true,"showVisualEffectGraphs":true,"m_FxEnabled":true},"in2DMode":false,"pivot":{"x":-0.48953068256378176,"y":3.4510555267333986,"z":-6.3475799560546879},"rotation":{"x":-0.39679086208343508,"y":-0.033861834555864337,"z":0.014649292454123497,"w":-0.9171730279922485},"size":5.449885368347168,"orthographic":false}