{"cameraMode":{"drawMode":0,"name":"Shaded","section":"Shading Mode"},"sceneLighting":true,"audioPlay":false,"sceneViewState":{"m_AlwaysRefresh":false,"showFog":true,"showSkybox":true,"showFlares":true,"showImageEffects":true,"showParticleSystems":true,"showVisualEffectGraphs":true,"m_FxEnabled":true},"in2DMode":false,"pivot":{"x":2.8481249809265138,"y":-5.070005416870117,"z":2.0879974365234377},"rotation":{"x":-0.2649582624435425,"y":-0.09152912348508835,"z":0.025303684175014497,"w":-0.9595826268196106},"size":10.835227012634278,"orthographic":false}