{"cameraMode":{"drawMode":0,"name":"Shaded","section":"Shading Mode"},"sceneLighting":true,"audioPlay":false,"sceneViewState":{"m_AlwaysRefresh":false,"showFog":true,"showSkybox":true,"showFlares":true,"showImageEffects":true,"showParticleSystems":true,"showVisualEffectGraphs":true,"m_FxEnabled":true},"in2DMode":false,"pivot":{"x":3.361574172973633,"y":2.864563465118408,"z":-0.3029870390892029},"rotation":{"x":-0.15087786316871644,"y":0.024015214294195176,"z":-0.003669782541692257,"w":-0.9882648587226868},"size":10.404574394226075,"orthographic":false}