{"cameraMode":{"drawMode":0,"name":"Shaded","section":"Shading Mode"},"sceneLighting":true,"audioPlay":false,"sceneViewState":{"m_AlwaysRefresh":false,"showFog":true,"showSkybox":true,"showFlares":true,"showImageEffects":true,"showParticleSystems":true,"showVisualEffectGraphs":true,"m_FxEnabled":true},"in2DMode":false,"pivot":{"x":-0.6862936019897461,"y":1.5474278926849366,"z":-0.13981389999389649},"rotation":{"x":-0.15593010187149049,"y":-0.8044198751449585,"z":0.24119552969932557,"w":-0.5200364589691162},"size":21.978031158447267,"orthographic":false}