{"cameraMode":{"drawMode":0,"name":"Shaded","section":"Shading Mode"},"sceneLighting":false,"audioPlay":false,"sceneViewState":{"m_AlwaysRefresh":false,"showFog":true,"showSkybox":false,"showFlares":true,"showImageEffects":true,"showParticleSystems":true,"showVisualEffectGraphs":true,"m_FxEnabled":true},"in2DMode":false,"pivot":{"x":0.019471853971481324,"y":0.07764165103435517,"z":-0.02193576842546463},"rotation":{"x":0.014498138800263405,"y":-0.9241253137588501,"z":0.38020098209381106,"w":0.03523141145706177},"size":0.5239737629890442,"orthographic":false}