{"cameraMode":{"drawMode":0,"name":"Shaded","section":"Shading Mode"},"sceneLighting":false,"audioPlay":false,"sceneViewState":{"m_AlwaysRefresh":false,"showFog":false,"showSkybox":false,"showFlares":false,"showImageEffects":false,"showParticleSystems":false,"showVisualEffectGraphs":true,"m_FxEnabled":true},"in2DMode":false,"pivot":{"x":0.007079064846038818,"y":0.6662887334823608,"z":0.20278525352478028},"rotation":{"x":0.10856650024652481,"y":-0.7864786386489868,"z":0.14459389448165894,"w":0.5906086564064026},"size":1.1500543355941773,"orthographic":false}